position,genetic_position,derived_count
5757,5.757e-05,4
80133,0.0008013300000000001,4
163853,0.00163853,3
177228,0.00177228,1
182292,0.00182292,4
285002,0.00285002,2
291692,0.00291692,1
299820,0.0029982,2
313017,0.0031301700000000003,4
341228,0.00341228,1
371504,0.00371504,2
378848,0.00378848,1
402395,0.00402395,4
438465,0.00438465,2
480897,0.00480897,2
591268,0.00591268,1
614025,0.00614025,3
659192,0.00659192,1
708657,0.00708657,1
735218,0.00735218,2
742359,0.00742359,1
749135,0.00749135,3
759761,0.00759761,3
788286,0.00788286,2
789770,0.0078977,1
842246,0.00842246,1
858851,0.00858851,1
884470,0.0088447,3
888480,0.0088848,1
902514,0.009025140000000001,4
995337,0.00995337,1
